PRINCIPI ATTIVI,FORMATO,LINK ALLA SCHEDA INFORMATIVA E DIARIO PAZIENTE
ABEMACICLIB + EXEMESTANE,MODIFICABILE,https://docs.google.com/presentation/d/1dPDkd1kcQ9XG-CgoPy3Sv7owkGjE2Qyz/edit?usp=sharing&ouid=112631984749324500620&rtpof=true&sd=true
ABEMACICLIB + LETROZOLO,MODIFICABILE,https://docs.google.com/presentation/d/11c46WPcTaD4lBjFVmTUdq5N4yTLwShj2/edit?usp=sharing&ouid=112631984749324500620&rtpof=true&sd=true
ABEMACICLIB + ANASTROZOLO,MODIFICABILE,https://docs.google.com/presentation/d/1LuASwFKWXEgBy0FXw2yDdvu4r956Lbpn/edit?usp=sharing&ouid=112631984749324500620&rtpof=true&sd=true
ABIRATERONE (+ PREDNISONE),MODIFICABILE,https://docs.google.com/presentation/d/16L-hlc-USJuv1Y4mpRAHUh9YqHctcjUr/edit?usp=sharing&ouid=112631984749324500620&rtpof=true&sd=true
ABIRATERONE +OLAPARIB (+ PREDNISONE),MODIFICABILE,https://docs.google.com/presentation/d/1RNqtMTAIAM91mgh180Oc0bSFBZAUjhWT/edit?usp=sharing&ouid=112631984749324500620&rtpof=true&sd=true
ALECTINIB,MODIFICABILE,https://docs.google.com/presentation/d/1NNKK-jrL93BSPgBMvHSq9CjaKay9xkig/edit?usp=sharing&ouid=112631984749324500620&rtpof=true&sd=true
APALUTAMIDE,MODIFICABILE,https://docs.google.com/presentation/d/1deXp8WfDjtkjDxtf-Y4Lno3DMHssSZGP/edit?usp=sharing&ouid=112631984749324500620&rtpof=true&sd=true
AXITINIB,MODIFICABILE,https://docs.google.com/presentation/d/1qzLb9ofb-F0hDP8KWVHTjEEy5QSvKCQ5/edit?usp=sharing&ouid=112631984749324500620&rtpof=true&sd=true
ENCORAFENIB+BINIMETINIB,MODIFICABILE,https://docs.google.com/presentation/d/1V-91MXJPtF42ALwUNuSRQG8x2tC5M1EC/edit?usp=sharing&ouid=112631984749324500620&rtpof=true&sd=true
CAPECITABINA (schema terapia 14 gg),MODIFICABILE,https://docs.google.com/presentation/d/1WK9L2NYw6G-_Xs3Kytn_cAZA5KwbyKcg/edit?usp=sharing&ouid=112631984749324500620&rtpof=true&sd=true
CAPECITABINA (schema terapia metronomica 28 gg),MODIFICABILE,https://docs.google.com/presentation/d/1sE3MTXMlDwm5VEnkdQ7zrQ5VwrgpOeE7/edit?usp=sharing&ouid=112631984749324500620&rtpof=true&sd=true
CAPECITABINA + TEMOZOLOMIDE,MODIFICABILE,https://docs.google.com/presentation/d/1vgYW0DI1P3yG5fk_0pdoCs8a3wz1Eaod/edit?usp=sharing&ouid=112631984749324500620&rtpof=true&sd=true
CAPIVASERTIB+FULVESTRANT,MODIFICABILE,https://docs.google.com/presentation/d/11EUjUGXdK49HKPblP13zNLf04v85t3kS/edit?usp=sharing&ouid=112631984749324500620&rtpof=true&sd=true
DAROLUTAMIDE,MODIFICABILE,https://docs.google.com/presentation/d/1g5hnmT_YjJYXrzOVSnVFBhwDyUpsjEA1/edit?usp=sharing&ouid=112631984749324500620&rtpof=true&sd=true
ELACESTRANT,MODIFICABILE,https://docs.google.com/presentation/d/1wUEQ2ngJxCJpxeOQcwbDp9NA50qdQCr1/edit?usp=sharing&ouid=112631984749324500620&rtpof=true&sd=true
ENZALUTAMIDE,MODIFICABILE,https://docs.google.com/presentation/d/11PYqYqFS6noUOaMaQ6PjMwBkcctx7Lxb/edit?usp=sharing&ouid=112631984749324500620&rtpof=true&sd=true
IMATINIB (GIST),MODIFICABILE,https://docs.google.com/presentation/d/1s30YCvkzfHNGqp8kKnrYyJdgu8p3u6ax/edit?usp=sharing&ouid=112631984749324500620&rtpof=true&sd=true
LENVATINIB (+PEMBROLIZUMAB) (CA RENE),MODIFICABILE,https://docs.google.com/presentation/d/1DqNA9pApR1qn3w3CEJGyTYDm4dm6HDtd/edit?usp=sharing&ouid=112631984749324500620&rtpof=true&sd=true
LENVATINIB,MODIFICABILE,https://docs.google.com/presentation/d/1eaWsBZVQ6fpNT3-On0qxtGC_pKz00YAC/edit?usp=sharing&ouid=112631984749324500620&rtpof=true&sd=true
LOMUSTINA + PROCARBAZINA,MODIFICABILE,https://docs.google.com/presentation/d/1rA81j5yxr88yH15UY2CORBpykEoOue4J/edit?usp=sharing&ouid=112631984749324500620&rtpof=true&sd=true
LORLATINIB,MODIFICABILE,https://docs.google.com/presentation/d/1cFnIR3Anj0zgVeqwF1lfdshvG4RKsMQW/edit?usp=sharing&ouid=112631984749324500620&rtpof=true&sd=true
NIRAPARIB,MODIFICABILE,https://docs.google.com/presentation/d/1SR6poU9ALIQQEaxqSfnyMtSQUuxkYojT/edit?usp=sharing&ouid=112631984749324500620&rtpof=true&sd=true
OLAPARIB,MODIFICABILE,https://docs.google.com/presentation/d/1qfYgxgRwwt73o1-8cRi62O6QOhcgJkaU/edit?usp=sharing&ouid=112631984749324500620&rtpof=true&sd=true
OSIMERTINIB,MODIFICABILE,https://docs.google.com/presentation/d/1Ti8HcvaojOhH5sk5qDtVJOtIcGJruXSF/edit?usp=sharing&ouid=112631984749324500620&rtpof=true&sd=true
REGORAFENIB,MODIFICABILE,https://docs.google.com/presentation/d/1F_R1A_tP6zX_VLYwqOqX9jqBMuoRDNr3/edit?usp=sharing&ouid=112631984749324500620&rtpof=true&sd=true
SELPERCATINIB,MODIFICABILE,https://docs.google.com/presentation/d/1bUFUHGc99of_MbeT53ATBgmlHpnmDDQv/edit?usp=sharing&ouid=112631984749324500620&rtpof=true&sd=true
RIBOCICLIB+EXEMESTANE,MODIFICABILE,https://docs.google.com/presentation/d/145-ivZmuykPqG7sQtt8VbxNLATZ-9qgT/edit?usp=sharing&ouid=112631984749324500620&rtpof=true&sd=true
RIBOCICLIB+LETROZOLO,MODIFICABILE,https://docs.google.com/presentation/d/1hFBCIModt2YEMOz81R0VGn5qDq-iMa2V/edit?usp=sharing&ouid=112631984749324500620&rtpof=true&sd=true
RIBOCICLIB+ANASTROZOLO,MODIFICABILE,https://docs.google.com/presentation/d/1yazctmKg_GS8YQD1-G0oc4Wt_NhQZIbl/edit?usp=sharing&ouid=112631984749324500620&rtpof=true&sd=true
TEMOZOLOMIDE (SCHEMA TERAPIA 5 GG),MODIFICABILE,https://docs.google.com/presentation/d/1hhrWD7ePs2NNhgxUvHSJJhJbXAMz7pYA/edit?usp=sharing&ouid=112631984749324500620&rtpof=true&sd=true
TEMOZOLOMIDE (SCHEMA TERAPIA 42 GG),MODIFICABILE,https://docs.google.com/presentation/d/1wjPEssu6vssb5LVPyOfBtEcdDait9pFI/edit?usp=sharing&ouid=112631984749324500620&rtpof=true&sd=true
PALBOCICLIB+EXEMESTANE,MODIFICABILE,https://docs.google.com/presentation/d/19FeTwucwyt0uYLUDwyZSqgFa70FqOT-n/edit?usp=sharing&ouid=112631984749324500620&rtpof=true&sd=true
PALBOCICLIB+LETROZOLO,MODIFICABILE,https://docs.google.com/presentation/d/1p5UPSz4niv2229-h8s52BCB5DbB9gLpN/edit?usp=sharing&ouid=112631984749324500620&rtpof=true&sd=true
PALBOCICLIB+ANASTROZOLO,MODIFICABILE,https://docs.google.com/presentation/d/1KkmF_V2oN863l_O1LFVuACp5I4rZtJT6/edit?usp=sharing&ouid=112631984749324500620&rtpof=true&sd=true
SONIDEGIB,MODIFICABILE,https://docs.google.com/presentation/d/1NBsVTq5AZ38WvsxeXXm-T5kXrpqv2Ng9/edit?usp=sharing&ouid=112631984749324500620&rtpof=true&sd=true
CAPECITABINA+TUCATINIB,MODIFICABILE,https://docs.google.com/presentation/d/1WcMUGDxZdvrE-__pD7vdibQ2xd2k5mia/edit?usp=sharing&ouid=112631984749324500620&rtpof=true&sd=true
CAPECITABINA + VINORELBINA (Q3W),MODIFICABILE,https://docs.google.com/presentation/d/1DjD765MEbImAxXLZZbMs0IYfufdOJ3Wj/edit?usp=sharing&ouid=112631984749324500620&rtpof=true&sd=true
CAPECITABINA METRONOMICA +VINORELBINA (Q3W) (21 GG),MODIFICABILE,https://docs.google.com/presentation/d/1dDhDKI8BhXcxPuJdccSuIFtB9LjDMeQQ/edit?usp=sharing&ouid=112631984749324500620&rtpof=true&sd=true
CAPECITABINA METRONOMICA +VINORELBINA (Q4W) (28 GG),MODIFICABILE,https://docs.google.com/presentation/d/18zWdccDVr_B996gPdLvQ1OmwDuYvhSNg/edit?usp=sharing&ouid=112631984749324500620&rtpof=true&sd=true
VINORELBINA Q1W (+ TRASTUZUMAB Q3W),MODIFICABILE,https://docs.google.com/presentation/d/149IxLPGpD_xYyfAV_RlgTgazah20iDrw/edit?usp=sharing&ouid=112631984749324500620&rtpof=true&sd=true
"VINORELBINA METRONOMICA 1,3,5 GG Q3W",MODIFICABILE,https://docs.google.com/presentation/d/17Ska4w5N-B9jdqInRP4-AstW5U8GU7U5/edit?usp=sharing&ouid=112631984749324500620&rtpof=true&sd=true
"VINORELBINA METRONOMICA 1,3,5 GG Q4W",MODIFICABILE,https://docs.google.com/presentation/d/17Ska4w5N-B9jdqInRP4-AstW5U8GU7U5/edit?usp=sharing&ouid=112631984749324500620&rtpof=true&sd=true
"VINORELBINA 1,8 GG Q3W",MODIFICABILE,https://docs.google.com/presentation/d/1GBc1JrAGXaCQEisuXsUtizVeC64TFvnm/edit?usp=sharing&ouid=112631984749324500620&rtpof=true&sd=true
DABRAFENIB+TRAMETINIB,MODIFICABILE,https://docs.google.com/presentation/d/1PQ5ni_WErwnbR-m6bSW9q14bdzH_3Ybn/edit?usp=sharing&ouid=112631984749324500620&rtpof=true&sd=true
SOTORASIB,MODIFICABILE,https://docs.google.com/presentation/d/1_cN1OomIhZlat5vMqA1UKN7ZysVqDSjZ/edit?usp=sharing&ouid=112631984749324500620&rtpof=true&sd=true
CABOZANTINIB,MODIFICABILE,https://docs.google.com/presentation/d/1PZQtZMsivqj--ZTfkWPO8LP3fcVZ_Kb3/edit?usp=sharing&ouid=112631984749324500620&rtpof=true&sd=true
TRIFLURIDINA/TIPIRACIL,MODIFICABILE,https://docs.google.com/presentation/d/1bs64kca7fHuGm4K-l_bz2Z1S7TZGhIg7/edit?usp=sharing&ouid=112631984749324500620&rtpof=true&sd=true